<?xml version="1.0" encoding="UTF-8"?>
<rss version="2.0" xmlns:ror="http://rorweb.com/0.1/" >
<channel>
  <title>ROR Sitemap for http://np-group.cz/</title>
  <link>http://np-group.cz/</link>

<item>
     <link>https://np-group.cz/</link>
     <title>No Problem Group</title>
     <description>No Problem Group s.r.o. │ Poskytovatel popredních komplexních technických řešení. Poskytujeme služby v oblasti motorsportu, konstrukce a elektrozařízení. │ www.np-group.cz</description>
     <ror:updatePeriod></ror:updatePeriod>
     <ror:sortOrder>0</ror:sortOrder>
     <ror:resourceOf>sitemap</ror:resourceOf>
</item>
<item>
     <link>https://np-group.cz/index.html</link>
     <title>No Problem Group</title>
     <description>No Problem Group s.r.o. │ Poskytovatel popredních komplexních technických řešení. Poskytujeme služby v oblasti motorsportu, konstrukce a elektrozařízení. │ www.np-group.cz</description>
     <ror:updatePeriod></ror:updatePeriod>
     <ror:sortOrder>1</ror:sortOrder>
     <ror:resourceOf>sitemap</ror:resourceOf>
</item>
<item>
     <link>https://np-group.cz/motorsport.html</link>
     <title>No Problem Group Motorsport</title>
     <description>No Problem Group s.r.o. │ Poskytovatel popredních komplexních technických řešení. Poskytujeme služby v oblasti motorsportu, konstrukce a elektrozařízení. │ www.np-group.cz</description>
     <ror:updatePeriod></ror:updatePeriod>
     <ror:sortOrder>1</ror:sortOrder>
     <ror:resourceOf>sitemap</ror:resourceOf>
</item>
<item>
     <link>https://np-group.cz/index_en.html</link>
     <title>No Problem Group</title>
     <description>No Problem Group s.r.o. │ Poskytovatel popredních komplexních technických řešení. Poskytujeme služby v oblasti motorsportu, konstrukce a elektrozařízení. │ www.np-group.cz</description>
     <ror:updatePeriod></ror:updatePeriod>
     <ror:sortOrder>1</ror:sortOrder>
     <ror:resourceOf>sitemap</ror:resourceOf>
</item>
<item>
     <link>https://np-group.cz/download/vseobecne_obchodni_podminky_NPG.pdf</link>
     <title></title>
     
     <ror:updatePeriod></ror:updatePeriod>
     <ror:sortOrder>1</ror:sortOrder>
     <ror:resourceOf>sitemap</ror:resourceOf>
</item>
<item>
     <link>https://np-group.cz/404.html</link>
     <title>No Problem Group</title>
     <description>No Problem Group</description>
     <ror:updatePeriod></ror:updatePeriod>
     <ror:sortOrder>2</ror:sortOrder>
     <ror:resourceOf>sitemap</ror:resourceOf>
</item>
<item>
     <link>https://np-group.cz/motorsport_en.html</link>
     <title>No Problem Group Motorsport</title>
     <description>No Problem Group s.r.o. │ Poskytovatel popredních komplexních technických řešení. Poskytujeme služby v oblasti motorsportu, konstrukce a elektrozařízení. │ www.np-group.cz</description>
     <ror:updatePeriod></ror:updatePeriod>
     <ror:sortOrder>2</ror:sortOrder>
     <ror:resourceOf>sitemap</ror:resourceOf>
</item>
</channel>
</rss>
  